id,firstname,lastname,email,designation,email2,salary
10,Melisent,Liva,Melisent.Liva@yopmail.com,police officer,Melisent.Liva@gmail.com,55000
11,Eugine,Lail,Eugine.Lail@yopmail.com,developer,Eugine.Lail@gmail.com,70000
12,Viviene,Gavrila,Viviene.Gavrila@yopmail.com,firefighter,Viviene.Gavrila@gmail.com,60000
13,Cordi,Bennie,Cordi.Bennie@yopmail.com,doctor,Cordi.Bennie@gmail.com,100000
14,Andeee,Auberbach,Andeee.Auberbach@yopmail.com,firefighter,Andeee.Auberbach@gmail.com,58000
15,Tomasina,Grayce,Tomasina.Grayce@yopmail.com,developer,Tomasina.Grayce@gmail.com,65000
16,Korrie,Fink,Korrie.Fink@yopmail.com,worker,Korrie.Fink@gmail.com,30000
17,Tera,Kress,Tera.Kress@yopmail.com,doctor,Tera.Kress@gmail.com,85000
18,Giustina,Astra,Giustina.Astra@yopmail.com,police officer,Giustina.Astra@gmail.com,62000
19,Sophia,Nore,Sophia.Nore@yopmail.com,worker,Sophia.Nore@gmail.com,31000